GPT,rename_png_file_to,recommended_live_webp_copy,html_src_png,alt_text,url
Kronatrix Marketing GPT ™,kronatrix-marketing-gpt-ai-marketing-system-logo.png,kronatrix-marketing-gpt-ai-marketing-system-logo.webp,assets/gpt-logos/kronatrix-marketing-gpt-ai-marketing-system-logo.png,Kronatrix Marketing GPT ™ logo by KRONATRIX for AI marketing and online presence,https://chatgpt.com/g/g-692fdce01c0c8191839ae3c1bbf05e12-kronatrix-marketing
PROOF IS KING AI BOOK,proof-is-king-ai-book-cornelius-aurelius-kronatrix-gpt.png,proof-is-king-ai-book-cornelius-aurelius-kronatrix-gpt.webp,assets/gpt-logos/proof-is-king-ai-book-cornelius-aurelius-kronatrix-gpt.png,PROOF IS KING AI BOOK logo by KRONATRIX for AI marketing and online presence,https://drive.google.com/drive/u/0/folders/1w98mT7Z9UUGtO1Sl9OKie81ywRKsarFg
Personal Trainer Marketing by KRONATRIX™,personal-trainer-marketing-gpt-kronatrix-ai-marketing-logo.png,personal-trainer-marketing-gpt-kronatrix-ai-marketing-logo.webp,assets/gpt-logos/personal-trainer-marketing-gpt-kronatrix-ai-marketing-logo.png,Personal Trainer Marketing by KRONATRIX™ logo by KRONATRIX for AI marketing and online presence,https://chatgpt.com/g/g-6933d8d91f848191b0c2d73bd4e7ce17-personal-trainer-marketing-by-kronatrixtm
Real Estate Marketing by KRONATRIX™,real-estate-marketing-gpt-kronatrix-ai-marketing-logo.png,real-estate-marketing-gpt-kronatrix-ai-marketing-logo.webp,assets/gpt-logos/real-estate-marketing-gpt-kronatrix-ai-marketing-logo.png,Real Estate Marketing by KRONATRIX™ logo by KRONATRIX for AI marketing and online presence,https://chatgpt.com/g/g-6933d9e0279c81918eea8121297c3ee7-real-estate-marketing-by-kronatrixtm
Real Estate Photographer Marketing by KRONATRIX™,real-estate-photographer-marketing-gpt-kronatrix-ai-marketing-logo.png,real-estate-photographer-marketing-gpt-kronatrix-ai-marketing-logo.webp,assets/gpt-logos/real-estate-photographer-marketing-gpt-kronatrix-ai-marketing-logo.png,Real Estate Photographer Marketing by KRONATRIX™ logo by KRONATRIX for AI marketing and online presence,https://chatgpt.com/g/g-69344231cf248191a6f63e23fc71e340-real-estate-photographer-marketing-by-kronatrixtm
Landlord & Property Management Marketing by KRONATRIX™,landlord-property-management-marketing-gpt-kronatrix-logo.png,landlord-property-management-marketing-gpt-kronatrix-logo.webp,assets/gpt-logos/landlord-property-management-marketing-gpt-kronatrix-logo.png,Landlord & Property Management Marketing by KRONATRIX™ logo by KRONATRIX for AI marketing and online presence,https://chatgpt.com/g/g-6934429f7740819185aecbee82d53d78-landlord-property-management-marketing-kronatrix
Dog Groomer Marketing by KRONATRIX™,dog-groomer-marketing-gpt-kronatrix-ai-marketing-logo.png,dog-groomer-marketing-gpt-kronatrix-ai-marketing-logo.webp,assets/gpt-logos/dog-groomer-marketing-gpt-kronatrix-ai-marketing-logo.png,Dog Groomer Marketing by KRONATRIX™ logo by KRONATRIX for AI marketing and online presence,https://chatgpt.com/g/g-6934421c9b0481919be621a7b0d07dd1-dog-groomer-marketing-by-kronatrixtm
Mobile Car Valeting Marketing by KRONATRIX™,mobile-car-valeting-marketing-gpt-kronatrix-logo.png,mobile-car-valeting-marketing-gpt-kronatrix-logo.webp,assets/gpt-logos/mobile-car-valeting-marketing-gpt-kronatrix-logo.png,Mobile Car Valeting Marketing by KRONATRIX™ logo by KRONATRIX for AI marketing and online presence,https://chatgpt.com/g/g-69344290821081919c5300689e7da862-mobile-car-valeting-marketing-by-kronatrixtm
Roof Cleaning & Pressure Washing Marketing by KRONATRIX™,roof-cleaning-pressure-washing-marketing-gpt-kronatrix-logo.png,roof-cleaning-pressure-washing-marketing-gpt-kronatrix-logo.webp,assets/gpt-logos/roof-cleaning-pressure-washing-marketing-gpt-kronatrix-logo.png,Roof Cleaning & Pressure Washing Marketing by KRONATRIX™ logo by KRONATRIX for AI marketing and online presence,https://chatgpt.com/g/g-6934424fc1b881918ddb8db9c8a887b4-roof-cleaning-pressure-washing-marketing-kronatrix
Car Mechanic & Garage Marketing by KRONATRIX™,car-mechanic-garage-marketing-gpt-kronatrix-logo.png,car-mechanic-garage-marketing-gpt-kronatrix-logo.webp,assets/gpt-logos/car-mechanic-garage-marketing-gpt-kronatrix-logo.png,Car Mechanic & Garage Marketing by KRONATRIX™ logo by KRONATRIX for AI marketing and online presence,https://chatgpt.com/g/g-6934420f90648191813bc8323ddf7b6d-car-mechanic-garage-marketing-by-kronatrixtm
Dentist Marketing by KRONATRIX™,dentist-marketing-gpt-kronatrix-ai-marketing-logo.png,dentist-marketing-gpt-kronatrix-ai-marketing-logo.webp,assets/gpt-logos/dentist-marketing-gpt-kronatrix-ai-marketing-logo.png,Dentist Marketing by KRONATRIX™ logo by KRONATRIX for AI marketing and online presence,https://chatgpt.com/g/g-69340733fbc88191b34b7eedb8e64ca2-dentist-marketing-by-kronatrixtm
Chiropractor Marketing by KRONATRIX™,chiropractor-marketing-gpt-kronatrix-ai-marketing-logo.png,chiropractor-marketing-gpt-kronatrix-ai-marketing-logo.webp,assets/gpt-logos/chiropractor-marketing-gpt-kronatrix-ai-marketing-logo.png,Chiropractor Marketing by KRONATRIX™ logo by KRONATRIX for AI marketing and online presence,https://chatgpt.com/g/g-69340789005081919840b1cf8a2134d7-chiropractor-marketing-by-kronatrixtm
Gym & Fitness Studio Marketing by KRONATRIX™,gym-fitness-studio-marketing-gpt-kronatrix-logo.png,gym-fitness-studio-marketing-gpt-kronatrix-logo.webp,assets/gpt-logos/gym-fitness-studio-marketing-gpt-kronatrix-logo.png,Gym & Fitness Studio Marketing by KRONATRIX™ logo by KRONATRIX for AI marketing and online presence,https://chatgpt.com/g/g-69340772498881919e84807af204fb96-gym-fitness-studio-marketing-by-kronatrixtm
Café & Coffee Shop Marketing by KRONATRIX™,cafe-coffee-shop-marketing-gpt-kronatrix-logo.png,cafe-coffee-shop-marketing-gpt-kronatrix-logo.webp,assets/gpt-logos/cafe-coffee-shop-marketing-gpt-kronatrix-logo.png,Café & Coffee Shop Marketing by KRONATRIX™ logo by KRONATRIX for AI marketing and online presence,https://chatgpt.com/g/g-6934076ad54c8191a7db8d541e1a3cae-cafe-coffee-shop-marketing-by-kronatrixtm
Photographer Marketing by KRONATRIX™,photographer-marketing-gpt-kronatrix-ai-marketing-logo.png,photographer-marketing-gpt-kronatrix-ai-marketing-logo.webp,assets/gpt-logos/photographer-marketing-gpt-kronatrix-ai-marketing-logo.png,Photographer Marketing by KRONATRIX™ logo by KRONATRIX for AI marketing and online presence,https://chatgpt.com/g/g-6934077a1ec08191bf45f717a9e64127-photographer-marketing-by-kronatrixtm
Window Cleaner Marketing by KRONATRIX™,window-cleaner-marketing-gpt-kronatrix-ai-marketing-logo.png,window-cleaner-marketing-gpt-kronatrix-ai-marketing-logo.webp,assets/gpt-logos/window-cleaner-marketing-gpt-kronatrix-ai-marketing-logo.png,Window Cleaner Marketing by KRONATRIX™ logo by KRONATRIX for AI marketing and online presence,https://chatgpt.com/g/g-693441d523b481919d235ec292644a01-window-cleaner-marketing-by-kronatrixtm
Electrician & EV Installer Marketing by KRONATRIX™,electrician-ev-installer-marketing-gpt-kronatrix-logo.png,electrician-ev-installer-marketing-gpt-kronatrix-logo.webp,assets/gpt-logos/electrician-ev-installer-marketing-gpt-kronatrix-logo.png,Electrician & EV Installer Marketing by KRONATRIX™ logo by KRONATRIX for AI marketing and online presence,https://chatgpt.com/g/g-693443caab808191be585d17796c40bd-electrician-ev-installer-marketing-by-kronatrixtm
Accountant Marketing by KRONATRIX™,accountant-marketing-gpt-kronatrix-ai-marketing-logo.png,accountant-marketing-gpt-kronatrix-ai-marketing-logo.webp,assets/gpt-logos/accountant-marketing-gpt-kronatrix-ai-marketing-logo.png,Accountant Marketing by KRONATRIX™ logo by KRONATRIX for AI marketing and online presence,https://chatgpt.com/g/g-693407824d9c8191b5839d692b05d0f3-accountant-marketing-by-kronatrixtm
Roofer Marketing by KRONATRIX™,roofer-marketing-gpt-kronatrix-ai-marketing-logo.png,roofer-marketing-gpt-kronatrix-ai-marketing-logo.webp,assets/gpt-logos/roofer-marketing-gpt-kronatrix-ai-marketing-logo.png,Roofer Marketing by KRONATRIX™ logo by KRONATRIX for AI marketing and online presence,https://chatgpt.com/g/g-69340740f69481918ace99123cbb2efe-roofer-marketing-by-kronatrixtm
Locksmith Marketing by KRONATRIX™,locksmith-marketing-gpt-kronatrix-ai-marketing-logo.png,locksmith-marketing-gpt-kronatrix-ai-marketing-logo.webp,assets/gpt-logos/locksmith-marketing-gpt-kronatrix-ai-marketing-logo.png,Locksmith Marketing by KRONATRIX™ logo by KRONATRIX for AI marketing and online presence,https://chatgpt.com/g/g-6934075d377081918dee6a293a586f12-locksmith-marketing-by-kronatrixtm
Landscaper & Gardener Marketing by KRONATRIX™,landscaper-gardener-marketing-gpt-kronatrix-logo.png,landscaper-gardener-marketing-gpt-kronatrix-logo.webp,assets/gpt-logos/landscaper-gardener-marketing-gpt-kronatrix-logo.png,Landscaper & Gardener Marketing by KRONATRIX™ logo by KRONATRIX for AI marketing and online presence,https://chatgpt.com/g/g-693407556ca08191be1436f22f527895-landscaper-gardener-marketing-by-kronatrixtm
Electrician Marketing by KRONATRIX™,electrician-marketing-gpt-kronatrix-ai-marketing-logo.png,electrician-marketing-gpt-kronatrix-ai-marketing-logo.webp,assets/gpt-logos/electrician-marketing-gpt-kronatrix-ai-marketing-logo.png,Electrician Marketing by KRONATRIX™ logo by KRONATRIX for AI marketing and online presence,https://chatgpt.com/g/g-6933d333bc2081919943e269a4259c68-electrician-marketing-by-kronatrixtm
Cleaning Marketing by KRONATRIX™,cleaning-business-marketing-gpt-kronatrix-logo.png,cleaning-business-marketing-gpt-kronatrix-logo.webp,assets/gpt-logos/cleaning-business-marketing-gpt-kronatrix-logo.png,Cleaning Marketing by KRONATRIX™ logo by KRONATRIX for AI marketing and online presence,https://chatgpt.com/g/g-6933d725bd008191bdfc77380f7f185c-cleaning-marketing-by-kronatrixtm
Builder Marketing by KRONATRIX™,builder-marketing-gpt-kronatrix-ai-marketing-logo.png,builder-marketing-gpt-kronatrix-ai-marketing-logo.webp,assets/gpt-logos/builder-marketing-gpt-kronatrix-ai-marketing-logo.png,Builder Marketing by KRONATRIX™ logo by KRONATRIX for AI marketing and online presence,https://chatgpt.com/g/g-6933d4a472848191969bcdfe4eb7e715-builder-marketing-by-kronatrixtm
Restaurant Marketing by KRONATRIX™,restaurant-marketing-gpt-kronatrix-ai-marketing-logo.png,restaurant-marketing-gpt-kronatrix-ai-marketing-logo.webp,assets/gpt-logos/restaurant-marketing-gpt-kronatrix-ai-marketing-logo.png,Restaurant Marketing by KRONATRIX™ logo by KRONATRIX for AI marketing and online presence,https://chatgpt.com/g/g-6933d5e129488191b44b06bb9cce8542-restaurant-marketing-by-kronatrixtm
Plumber Marketing by KRONATRIX™,plumber-marketing-gpt-kronatrix-ai-marketing-logo.png,plumber-marketing-gpt-kronatrix-ai-marketing-logo.webp,assets/gpt-logos/plumber-marketing-gpt-kronatrix-ai-marketing-logo.png,Plumber Marketing by KRONATRIX™ logo by KRONATRIX for AI marketing and online presence,https://chatgpt.com/g/g-6933d155818081919c34e5a21c7da68c-plumber-marketing-by-kronatrixtm
